Protein,Gene,Systematic
P39988,BUD16,YEL029C
Q12084,DAS2,YDR020C
P25576,POF1,YCL047C
P33550,KTR2,YKR061W
P07245,ADE3,YGR204W
P06776,PDE2,YOR360C
P16140,VMA2,YBR127C
P53167,PUS2,YGL063W
P37296,STV1,YMR054W
Q03579,LIP1,YMR298W
P32048,MSK1,YNL073W
Q12452,ERG27,YLR100W
P00359,TDH3,YGR192C
Q07471,THI3,YDL080C
Q08645,MET7,YOR241W
P12683,HMG1,YML075C
P09457,ATP5,YDR298C
P50094,IMD4,YML056C
P32462,ERG24,YNL280C
P37293,NAT2,YGR147C
P32459,DAL3,YIR032C
Q01574,ACS1,YAL054C
P27810,KTR1,YOR099W
Q04952,FKS3,YMR306W
Q05871,ECI1,YLR284C
P04803,MSW1,YDR268W
P43635,CIT3,YPR001W
P00358,TDH2,YJR009C
P16451,PDX1,YGR193C
P32642,GRX4,YER174C
P04046,ADE4,YMR300C
P35731,OAR1,YKL055C
P29703,RAM2,YKL019W
Q99190,TSC13,YDL015C
P21826,DAL7,YIR031C
P52867,PMT5,YDL093W
P47119,HAM1,YJR069C
P47176,BAT2,YJR148W
P00427,COX6,YHR051W
P49367,LYS4,YDR234W
P15454,GUK1,YDR454C
Q05911,ADE13,YLR359W
P25377,ADH7,YCR105W
P38071,ETR1,YBR026C
Q07923,LOT6,YLR011W
Q12074,SPE3,YPR069C
P38620,PRS2,YER099C
P47125,BNA2,YJR078W
P38143,GPX2,YBR244W
P08566,ARO1,YDR127W
P33333,SLC1,YDL052C
P38703,LAG1,YHL003C
Q03674,PLB2,YMR006C
P53685,HST1,YOL068C
P38426,TPS3,YMR261C
P53615,NCE103,YNL036W
P48360,ARH1,YDR376W
P48570,LYS20,YDL182W
Q99312,ISN1,YOR155C
P41277,GPP1,YIL053W
P53090,ARO8,YGL202W
P28777,ARO2,YGL148W
P24521,ERG8,YMR220W
Q12184,YAH1,YPL252C
P38074,HMT1,YBR034C
P39692,MET10,YFR030W
P32452,PHA2,YNL316C
Q06389,FRQ1,YDR373W
Q06708,VAC14,YLR386W
P47088,GPI14,YJR013W
P0CW40,IMA3,YIL172C
P04161,ADE8,YDR408C
P34756,FAB1,YFR019W
P32191,GUT2,YIL155C
P21182,SPE2,YOL052C
Q12382,DGK1,YOR311C
P38992,SUR2,YDR297W
P04076,ARG4,YHR018C
P27515,URK1,YNR012W
P0CZ17,ASP3-1,YLR155C
P41735,CAT5,YOR125C
P15703,BGL2,YGR282C
P38088,GRS1,YBR121C
Q08558,DCI1,YOR180C
P53101,STR3,YGL184C
P26364,ADK2,YER170W
Q06346,KEI1,YDR367W
P00815,HIS4,YCL030C
P0CX79,ASP3-4,YLR160C
Q02979,GDE1,YPL110C
P07807,DFR1,YOR236W
P00924,ENO1,YGR254W
P46681,DLD2,YDL178W
P04173,LEU2,YCL018W
P40106,GPP2,YER062C
Q05506,YDR341C,YDR341C
P38169,BNA4,YBL098W
P39002,FAA3,YIL009W
P47052,YJL045W,YJL045W
P39525,CEM1,YER061C
P00163,COB,Q0105
P12695,LAT1,YNL071W
P54857,TGL2,YDR058C
P51601,FOL2,YGR267C
P18408,MET16,YPR167C
P30952,MLS1,YNL117W
P08067,RIP1,YEL024W
P40308,TGL3,YMR313C
Q08985,SAM4,YPL273W
P32614,FRD1,YEL047C
P39105,PLB1,YMR008C
P13259,PCT1,YGR202C
P21373,UTR1,YJR049C
P38067,UGA2,YBR006W
P08004,CHS1,YNL192W
P31373,CYS3,YAL012W
Q08911,FDH1,YOR388C
P29952,PMI40,YER003C
P19262,KGD2,YDR148C
P25578,PGS1,YCL004W
Q00764,TPS1,YBR126C
Q12471,PFK27,YOL136C
P00425,COX5B,YIL111W
P32368,SAC1,YKL212W
P00635,PHO5,YBR093C
P33412,ECT1,YGR007W
P08679,CIT2,YCR005C
Q08548,ALE1,YOR175C
P38287,CSH1,YBR161W
P15496,IDI1,YPL117C
P36076,CAB3,YKL088W
P38077,ATP3,YBR039W
P40495,LYS12,YIL094C
P00912,TRP1,YDR007W
Q06490,THI22,YPR121W
P32340,NDI1,YML120C
P29509,TRR1,YDR353W
P38604,ERG7,YHR072W
P39540,ELO1,YJL196C
P32316,ACH1,YBL015W
Q01802,AAT1,YKL106W
P16622,HEM15,YOR176W
P16661,ALG1,YBR110W
P38122,ECM31,YBR176W
P00817,IPP1,YBR011C
P32469,DPH5,YLR172C
P21672,RNR3,YIL066C
P47011,GLG2,YJL137C
P32903,PMP1,YCR024C-A
P33401,PGM1,YKL127W
P20485,CKI1,YLR133W
Q04728,ARG7,YMR062C
P06168,ILV5,YLR355C
P36107,AUR1,YKL004W
P14065,GCY1,YOR120W
P33317,DUT1,YBR252W
P07259,URA2,YJL130C
P40360,ARG2,YJL071W
P53319,GND2,YGR256W
P07256,COR1,YBL045C
P36126,SPO14,YKR031C
Q05533,INM2,YDR287W
P12945,NAT1,YDL040C
P37254,ABZ1,YNR033W
P32861,UGP1,YKL035W
P40047,ALD5,YER073W
P18900,COQ1,YBR003W
P10659,SAM1,YLR180W
P52489,PYK2,YOR347C
P0CX11,ERR2,YPL281C
Q05874,NNT1,YLR285W
P07347,ARD1,YHR013C
P00937,TRP3,YKL211C
P53966,KTR5,YNL029C
P21264,ADE2,YOR128C
Q03175,SRT1,YMR101C
P08465,MET2,YNL277W
P53688,HST4,YDR191W
P53852,YNL247W,YNL247W
P38708,YHR020W,YHR020W
P41939,IDP2,YLR174W
P19516,COX11,YPL132W
Q12320,GLO4,YOR040W
Q00055,GPD1,YDL022W
P49095,GCV2,YMR189W
P31412,VMA5,YKL080W
P53164,NPY1,YGL067W
P34163,TGL1,YKL140W
Q12447,PAA1,YDR071C
P03965,CPA2,YJR109C
P40054,SER3,YER081W
P39006,PSD1,YNL169C
Q12055,FAP7,YDL166C
Q06702,CDA1,YLR307W
P28272,URA1,YKL216W
P38787,PAN5,YHR063C
P32799,COX13,YGL191W
P05030,PMA1,YGL008C
P53184,PNC1,YGL037C
P22434,PDE1,YGL248W
Q06549,CDD1,YLR245C
P40581,HYR1,YIR037W
P21524,RNR1,YER070W
P11353,HEM13,YDR044W
P25045,LCB1,YMR296C
P49775,HNT2,YDR305C
P33775,PMT1,YDL095W
P28789,HEM3,YDL205C
P33421,SDH3,YKL141W
P37012,PGM2,YMR105C
P37292,SHM1,YBR263W
P42941,SER2,YGR208W
P38795,QNS1,YHR074W
Q00955,ACC1,YNR016C
P32603,SPR1,YOR190W
P38891,BAT1,YHR208W
P09436,ILS1,YBL076C
P54861,DNM1,YLL001W
P30777,GPI10,YGL142C
P38427,TSL1,YML100W
P38158,MAL32,YBR299W
P40559,INP51,YIL002C
P32264,PRO1,YDR300C
P39976,DLD3,YEL071W
P25340,ERG4,YGL012W
P40471,AYR1,YIL124W
P38693,PHO12,YHR215W
P32643,TMT1,YER175C
P32626,UTR4,YEL038W
P41734,IAH1,YOR126C
P07172,HIS5,YIL116W
Q05584,GLO2,YDR272W
P40012,HEM14,YER014W
P07262,GDH1,YOR375C
P54783,ALO1,YML086C
Q07804,YEH1,YLL012W
P19358,SAM2,YDR502C
P22803,TRX2,YGR209C
P38298,YPC1,YBR183W
P00958,MES1,YGR264C
Q12178,FCY1,YPR062W
P10174,COX7,YMR256C
P47096,BNA1,YJR025C
Q12358,JLP1,YLL057C
Q06137,YLR345W,YLR345W
P23968,VMA16,YHR026W
P53341,MAL12,YGR292W
P47912,FAA4,YMR246W
Q01217,ARG5,YER069W
P20967,KGD1,YIL125W
Q12036,PPT2,YPL148C
P32891,DLD1,YDL174C
Q02784,GRX5,YPL059W
Q08959,PGC1,YPL206C
P23254,TKL1,YPR074C
P08524,ERG20,YJL167W
P40988,FET4,YMR319C
P40086,COX15,YER141W
P12709,PGI1,YBR196C
P31115,DEG1,YFL001W
P32449,ARO4,YBR249C
Q3E790,TSC3,YBR058C-A
Q06321,ATG26,YLR189C
P32796,CAT2,YML042W
P07149,FAS1,YKL182W
P38221,CDS1,YBR029C
Q04458,HFD1,YMR110C
P22203,VMA4,YOR332W
Q04179,URH1,YDR400W
P38714,MSR1,YHR091C
P21147,OLE1,YGL055W
P48525,MSE1,YOL033W
P10356,YER152C,YER152C
P39683,NPT1,YOR209C
P17695,GRX2,YDR513W
P08431,GAL7,YBR018C
P33330,SER1,YOR184W
P48016,ATH1,YPR026W
Q06489,MRI1,YPR118W
P15807,MET8,YBR213W
P25335,DAL2,YIR029W
P34227,PRX1,YBL064C
P07702,LYS2,YBR115C
P0CW41,IMA4,YJL221C
Q03835,GRX3,YDR098C
Q04894,ADH6,YMR318C
Q07729,GUD1,YDL238C
Q06817,GRS2,YPR081C
P00854,ATP6,Q0085
P00498,HIS1,YER055C
P37298,SDH4,YDR178W
P33312,RIB7,YBR153W
P49017,COQ5,YML110C
Q07500,NDE2,YDL085W
P32604,FBP26,YJL155C
P40009,YND1,YER005W
P48526,ISM1,YPL040C
P47143,ADO1,YJR105W
P07806,VAS1,YGR094W
P32288,GLN1,YPR035W
P21623,DIT1,YDR403W
P00330,ADH1,YOL086C
P00420,COX3,Q0275
P32785,FMT1,YBL013W
P40015,ISC1,YER019W
P32771,SFA1,YDL168W
P07257,QCR2,YPR191W
P21954,IDP1,YDL066W
Q04533,YML082W,YML082W
P38211,GPI18,YBR004C
P43577,GNA1,YFL017C
P50113,LYS5,YGL154C
P53630,BIO4,YNR057C
P32473,PDB1,YBR221C
P39714,BDH1,YAL060W
P40215,NDE1,YMR145C
P32874,HFA1,YMR207C
P11491,PHO8,YDR481C
P39708,GDH3,YAL062W
P50942,INP52,YNL106C
P16603,NCP1,YHR042W
P38954,IPT1,YDR072C
P42951,LSB6,YJL100W
P14020,DPM1,YPR183W
Q12109,WRS1,YOL097C
P47081,COX16,YJL003W
P03962,URA3,YEL021W
P08456,CHO1,YER026C
P06785,CDC21,YOR074C
P47013,LCB3,YJL134W
P32383,PLC1,YPL268W
P37299,QCR10,YHR001W-A
P38710,INM1,YHR046C
P39954,SAH1,YER043C
P00401,COX1,Q0045
Q05016,YMR226C,YMR226C
P32476,ERG1,YGR175C
P19657,PMA2,YPL036W
P47165,XPT1,YJR133W
P17505,MDH1,YKL085W
P10127,ADH4,YGL256W
P53239,COX18,YGR062C
P28240,ICL1,YER065C
P25345,SLM5,YCR024C
P41807,VMA13,YPR036W
P00931,TRP5,YGL026C
P48445,BPL1,YDL141W
P36013,MAE1,YKL029C
P26263,PDC6,YGR087C
P36024,SIS2,YKR072C
P17649,UGA1,YGR019W
P16120,THR4,YCR053W
P27680,COQ3,YOL096C
P08432,SPE1,YKL184W
P00890,CIT1,YNR001C
P25372,TRX3,YCR083W
P06633,HIS3,YOR202W
Q12165,ATP16,YDL004W
Q12283,MCT1,YOR221C
P27809,KRE2,YDR483W
P53753,DSE4,YNR067C
P00927,ILV1,YER086W
P40319,ELO3,YLR372W
P23202,URE2,YNL229C
Q02196,MET14,YKL001C
P53915,NRK1,YNL129W
P13188,GLN4,YOR168W
P53332,CAB4,YGR277C
P38840,ARO9,YHR137W
P15624,FRS1,YLR060W
Q07786,SOR2,YDL246C
P10963,PCK1,YKR097W
P32895,PRS1,YKL181W
P36001,RMA1,YKL132C
P00572,CDC8,YJR057W
P17255,VMA1,YDL185W
P22140,EPT1,YHR123W
P12684,HMG2,YLR450W
Q04120,TSA2,YDR453C
Q00711,SDH1,YKL148C
P35202,THI80,YOR143C
P10869,HOM3,YER052C
P05150,ARG3,YJL088W
P40459,PAN6,YIL145C
P33734,HIS7,YBR248C
P30624,FAA1,YOR317W
P11154,PYC1,YGL062W
P15179,MSD1,YPL104W
P49090,ASN2,YGR124W
P38342,TSC10,YBR265W
P32377,MVD1,YNR043W
P53051,IMA1,YGR287C
P38115,ARA1,YBR149W
Q04958,NTE1,YML059C
P32263,PRO3,YER023W
P48015,GCV1,YDR019C
P07283,SEC53,YFL045C
P17709,GLK1,YCL040W
P06169,PDC1,YLR044C
P07285,TRP4,YDR354W
Q12246,LCB4,YOR171C
P22108,APA2,YDR530C
P00724,SUC2,YIL162W
Q06892,POS5,YPL188W
Q10740,LAP2,YNL045W
Q99258,RIB3,YDR487C
P39726,GCV3,YAL044C
P32353,ERG3,YLR056W
P31688,TPS2,YDR074W
P21801,SDH2,YLL041C
Q06147,LCB5,YLR260W
P38013,AHP1,YLR109W
P28321,YJU3,YKL094W
P07250,ARG82,YDR173C
Q08227,INP54,YOL065C
Q07993,XYL2,YLR070C
P21592,COX10,YPL172C
Q12428,PDH1,YPR002W
Q12494,KCS1,YDR017C
P15180,KRS1,YDR037W
P53128,MET13,YGL125W
P47169,MET5,YJR137C
P11325,NAM2,YLR382C
P05373,HEM2,YGL040C
P28496,LAC1,YKL008C
P32784,SCT1,YBL011W
P05694,MET6,YER091C
P07251,ATP1,YBL099W
P54838,DAK1,YML070W
P32528,DUR1,YBR208C
P53318,COQ6,YGR255C
P16467,PDC5,YLR134W
P27472,GSY2,YLR258W
Q12458,YPR1,YDR368W
P53909,AAH1,YNL141W
P53078,SDT1,YGL224C
Q06178,NMA1,YLR328W
P24031,PHO3,YBR092C
P17898,CPT1,YNL130C
Q06408,ARO10,YDR380W
P40884,IMA5,YJL216C
Q12122,LYS21,YDL131W
P18562,FUR1,YHR128W
P16387,PDA1,YER178W
P38709,YHL012W,YHL012W
P38145,RIB5,YBR256C
P37297,STT4,YLR305C
P15202,CTA1,YDR256C
P38999,LYS9,YNR050C
P13663,HOM2,YDR158W
P38812,GEP4,YHR100C
P22289,QCR9,YGR183C
Q3E731,COX19,YLL018C-A
P40017,YAT2,YER024W
P40825,ALA1,YOR335C
Q06204,YLR446W,YLR446W
P40506,CAB2,YIL083C
P36136,SHB17,YKR043C
P00856,ATP8,Q0080
Q12166,LEU9,YOR108W
P36165,TGL4,YKR089C
Q12271,INP53,YOR109W
P38790,HTD2,YHR067W
P53264,CLD1,YGR110W
P47147,YMR1,YJR110W
P36143,GLG1,YKR058W
P38063,PRS4,YBL068W
P00830,ATP2,YJR121W
P32347,HEM12,YDR047W
P00899,TRP2,YER090W
P08425,MSF1,YPR047W
P53204,NMA2,YGR010W
Q12031,ICL2,YPR006C
P36421,TYS1,YGR185C
P10614,ERG11,YHR007C
P05375,OPI3,YJR073C
P25358,ELO2,YCR034W
P0CX78,ASP3-3,YLR158C
Q05788,PNP1,YLR209C
Q12680,GLT1,YDL171C
P00128,QCR7,YDR529C
P14540,FBA1,YKL060C
P26725,YUR1,YJL139C
P40099,FAU1,YER183C
P53687,HST3,YOR025W
P20049,TYR1,YBR166C
P28239,PPA2,YMR267W
P07258,CPA1,YOR303W
P00431,CCP1,YKR066C
P49089,ASN1,YPR145W
P41940,PSA1,YDL055C
P28834,IDH1,YNL037C
P23501,YSR3,YKR053C
P35497,SOR1,YJR159W
Q12068,GRE2,YOL151W
P38705,DIA4,YHR011W
P38791,DYS1,YHR068W
P15625,FRS2,YFL022C
P39522,ILV3,YJR016C
P52893,ALT1,YLR089C
Q06703,CDA2,YLR308W
Q04396,LPP1,YDR503C
P06208,LEU4,YNL104C
P07255,COX9,YDL067C
P38286,IFA38,YBR159W
P42837,FIG4,YNL325C
P16861,PFK1,YGR240C
P37291,SHM2,YLR058C
P00950,GPM1,YKL152C
P04802,DPS1,YLL018C
P53848,FOL1,YNL256W
P21306,ATP15,YPL271W
P00925,ENO2,YHR174W
P53315,SOL4,YGR248W
P54115,ALD6,YPL061W
P46971,PMT4,YJR143C
Q07938,MEU1,YLR017W
Q04066,BNA7,YDR428C
Q04178,HPT1,YDR399W
P41911,GPD2,YOL059W
P53296,ATF2,YGR177C
P07246,ADH3,YMR083W
P47164,STR2,YJR130C
P35172,NTH2,YBR001C
P36014,GPX1,YKL026C
P15274,AMD1,YML035C
Q03941,CAB5,YDR196C
A2P2R3,YMR084W,YMR084W
P38113,ADH5,YBR145W
P38816,TRR2,YHR106W
P20048,SEC59,YMR013C
P61829,OLI1,Q0130
P35206,CSG2,YBR036C
P39518,FAA2,YER015W
Q02896,YDC1,YPL087W
P40353,ATF1,YOR377W
P08019,SGA1,YIL099W
P20051,URA4,YLR420W
P50107,GLO1,YML004C
Q08220,GSH2,YOL049W
P22217,TRX1,YLR043C
P00410,COX2,Q0250
P38715,GRE3,YHR104W
P54113,ADE16,YLR028C
P46655,GUS1,YGL245W
P09440,MIS1,YBR084W
P07263,HTS1,YPR033C
P23776,EXG1,YLR300W
P22580,AMD2,YDR242W
Q12198,YLL058W,YLL058W
P23337,GSY1,YFR015C
P36148,GPT2,YKR067W
P32378,COQ2,YNR041C
P08678,CYR1,YJL005W
Q12265,PRS5,YOL061W
Q12349,ATP14,YLR295C
P41921,GLR1,YPL091W
P14843,ARO3,YDR035W
P38986,ASP1,YDR321W
P28241,IDH2,YOR136W
P43623,IRC7,YFR055W
P38993,FET3,YMR058W
Q08650,DGA1,YOR245C
P46151,MET12,YPL023C
P29465,CHS3,YBR023C
P00549,CDC19,YAL038W
P32610,VMA8,YEL051W
P35842,PHO11,YAR071W
P07277,ERG12,YMR208W
Q05979,BNA5,YLR231C
Q12676,FOL3,YMR113W
P30902,ATP7,YKL016C
P04037,COX4,YGL187C
P50264,FMS1,YMR020W
P32352,ERG2,YMR202W
P00942,TPI1,YDR050C
P13298,URA5,YML106W
Q05521,DPP1,YDR284C
P23797,GPI12,YMR281W
P07284,SES1,YDR023W
P47095,MDE1,YJR024C
P50095,IMD3,YLR432W
P40510,SER33,YIL074C
P0CX10,ERR1,YOR393W
P47771,ALD2,YMR170C
P25379,CHA1,YCL064C
Q12154,GET3,YDL100C
P53686,HST2,YPL015C
P32573,SPS19,YNL202W
P38631,FKS1,YLR342W
P41338,ERG10,YPL028W
Q03529,SCS7,YMR272C
P26637,CDC60,YPL160W
P40545,HIS6,YIL020C
P07236,MST1,YKL194C
P28274,URA7,YBL039C
P09624,LPD1,YFL018C
P11986,INO1,YJL153C
P22219,VPS15,YBR097W
Q04430,CAB1,YDR531W
P81450,ATP18,YML081C-A
P47190,PMT3,YOR321W
P07342,ILV2,YMR108W
P13711,POX1,YGL205W
Q12043,TGL5,YOR081C
P08536,MET3,YJR010W
P53598,LSC1,YOR142W
Q03266,ABZ2,YMR289W
P25580,PBN1,YCL052C
Q05779,COQ9,YLR201C
P49435,APT1,YML022W
P18544,ARG8,YOL140W
P54070,KTR6,YPL053C
P41835,THI6,YPL214C
Q04212,ARA2,YMR041C
P11412,ZWF1,YNL241C
P38697,IMD2,YHR216W
P53982,IDP3,YNL009W
P25373,GRX1,YCL035C
P32451,BIO2,YGR286C
Q08438,VHS3,YOR054C
P32463,ACP1,YKL192C
P25641,ATG15,YCR068W
P38226,CST26,YBR042C
P25515,VMA3,YEL027W
P22543,VPS34,YLR240W
P33315,TKL2,YBR117C
P06773,DCD1,YHR144C
P54781,ERG5,YMR015C
P46969,RPE1,YJL121C
P31382,PMT2,YAL023C
P25605,ILV6,YCL009C
P40970,LCB2,YDR062W
Q02046,MTD1,YKR080W
P00175,CYB2,YML054C
P33300,SUR1,YPL057C
Q01519,COX12,YLR038C
P32563,VPH1,YOR270C
P16550,APA1,YCL050C
P00560,PGK1,YCR012W
Q12189,RKI1,YOR095C
P19414,ACO1,YLR304C
Q06510,TAZ1,YPR140W
P27697,COQ8,YGL119W
P43619,BNA6,YFR047C
P38625,GUA1,YMR217W
Q04935,COX20,YDR231C
P32477,GSH1,YJL101C
P32582,CYS4,YGR155W
P27616,ADE1,YAR015W
P22438,MSM1,YGR171C
Q06405,ATP17,YDR377W
P07143,CYT1,YOR065W
P40433,PFK26,YIL107C
P40345,LRO1,YNR008W
Q06667,IPK1,YDR315C
P04385,GAL1,YBR020W
Q06625,GDB1,YPR184W
P40975,PMP2,YEL017C-A
P32419,MDH3,YDL078C
P07275,PUT2,YHR037W
Q07950,YEH2,YLR020C
P23542,AAT2,YLR027C
P16862,PFK2,YMR205C
Q05902,ECM38,YLR299W
P38913,FAD1,YDL045C
P42826,XKS1,YGR194C
P09368,PUT1,YLR142W
P40553,DOT5,YIL010W
P25087,ERG6,YML008C
P32190,GUT1,YHL032C
P38139,LDH1,YBR204C
P53314,CPD1,YGR247W
P22133,MDH2,YOL126C
P38707,DED81,YHR019C
P53312,LSC2,YGR244C
P32178,ARO7,YPR060C
P35196,RER2,YBR002C
P33327,GDH2,YDL215C
P04039,COX8,YLR395C
P14180,CHS2,YBR038W
P07264,LEU1,YGL009C
P00044,CYC1,YJR048W
Q03677,ADI1,YMR009W
P39104,PIK1,YNL267W
P38998,LYS1,YIR034C
Q03778,FMN1,YDR236C
Q03764,EKI1,YDR147W
P38130,KTR3,YBR205W
P32567,PAH1,YMR165C
P36150,MET1,YKR069W
Q08975,THI21,YPL258C
P21595,DIT2,YDR402C
P14742,GFA1,YKL104C
P54839,ERG13,YML126C
P25332,RBK1,YCR036W
P06197,PIS1,YPR113W
Q05567,DPL1,YDR294C
P50277,BIO3,YNR058W
P49723,RNR4,YGR180C
P06738,GPH1,YPR160W
P40989,GSC2,YGR032W
Q12051,BTS1,YPL069C
Q07560,CRD1,YDL142C
P38994,MSS4,YDR208W
P36010,YNK1,YKL067W
P19097,FAS2,YPL231W
P43550,DAK2,YFL053W
P31116,HOM6,YJR139C
P17423,THR1,YHR025W
P38972,ADE6,YGR061C
Q12455,SPE4,YLR146C
P38824,COX23,YHR116W
P47026,GWT1,YJL091C
P80235,YAT1,YAR035W
Q12211,PUS1,YPL212C
P38689,PRS3,YHL011C
P22768,ARG1,YOL058W
Q12233,ATP20,YPR020W
P52910,ACS2,YLR153C
P48527,MSY1,YPL097W
P53629,ARE2,YNR019W
Q02207,FOX2,YKR009C
P22007,RAM1,YDL090C
Q12525,MHT1,YLL062C
P43567,AGX1,YFL030W
P07170,ADK1,YDR226W
P38131,KTR4,YBR199W
P07991,CAR2,YLR438W
P06174,HEM4,YOR278W
P54114,ALD3,YMR169C
P32356,NTH1,YDR001C
P38066,RIB1,YBL033C
P32842,VMA11,YPL234C
P09950,HEM1,YDR232W
P47039,BNA3,YJL060W
P06700,SIR2,YDL042C
P08417,FUM1,YPL262W
P32375,DAL1,YIR027C
Q03557,HER2,YMR293C
P29704,ERG9,YHR190W
P50861,RIB4,YOL143C
P41903,TES1,YJR019C
P52911,EXG2,YDR261C
P32179,MET22,YOL064C
P04806,HXK1,YFR053C
P40857,PHS1,YJL097W
P53045,ERG25,YGR060W
P46367,ALD4,YOR374W
P09938,RNR2,YJL026W
P06115,CTT1,YGR088W
P53199,ERG26,YGL001C
P36051,MCD4,YKL165C
P38627,URA8,YJR103W
Q03262,PRM15,YMR278W
P38075,PDX3,YBR035C
P48567,PUS4,YNL292W
P32622,YEF1,YEL041W
P43123,QRI1,YDL103C
P00812,CAR1,YPL111W
P00331,ADH2,YMR303C
P04397,GAL10,YBR019C
P53037,PSD2,YGR170W
Q08224,THI20,YOL055C
P30402,URA10,YMR271C
P52290,DIA3,YDL024C
P42222,ERR3,YMR323W
P36973,APT2,YDR441C
P00045,CYC7,YEL039C
P53727,BUD17,YNR027W
P32366,VMA6,YLR447C
Q07830,GPI13,YLL031C
P39533,ACO2,YJL200C
P09201,FBP1,YLR377C
Q08108,PLB3,YOL011W
P04807,HXK2,YGL253W
P06106,MET17,YLR303W
P81449,TIM11,YDR322C-A
P54885,PRO2,YOR323C
P15700,URA6,YKL024C
P38635,HIS2,YFR025C
P04801,THS1,YIL078W
P33751,PAD1,YDR538W
P00360,TDH1,YJL052W
P32327,PYC2,YBR218C
P38628,PCM1,YEL058W
P80210,ADE12,YNL220W
P37303,GLY1,YEL046C
P39111,VMA7,YGR020C
Q03034,FDC1,YDR539W
P05374,CHO2,YGR157W
P0CX77,ASP3-2,YLR157C
P15019,TAL1,YLR354C
P08525,QCR8,YJL166W
P48836,VMA10,YHR039C-A
Q99321,DDP1,YOR163W
P38858,SOL3,YHR163W
Q06636,GPI11,YDR302W
P32621,GDA1,YEL042W
P81451,ATP19,YOL077W-A
P00127,QCR6,YFR033C
P39730,FUN12,YAL035W
Q04792,GAD1,YMR250W
Q12362,RIB2,YOL066C
P40025,PHM8,YER037W
P47180,PGU1,YJR153W
O13525,COQ4,YDR204W
P38720,GND1,YHR183W
Q06685,VIP1,YLR410W
P07244,ADE5,YGL234W
P27796,POT1,YIL160C
P25628,ARE1,YCR048W
P38009,ADE17,YMR120C
P40363,YJL068C,YJL068C
P43544,SNO3,YFL060C
P05626,ATP4,YPL078C
P41948,MEP2,YNL142W
P25613,ATO2,YCR010C
P53228,TAL2,YGR043C
P38125,DRT1,YBR180W
P50278,SOL1,YNR034W
P25356,BPH1,YCR032W
P38702,LEU5,YHR002W
P14743,NMT1,YLR195C
P31787,ACBP,YGR037C
P50276,MUP1,YGR055W
P53154,GUP1,YGL084C
P41909,PXA1,YPL147W
P48813,GNP1,YDR508C
P54854,HXT15,YDL245C
P32486,KRE6,YPR159W
P39567,IMDH1,YAR073W
P32837,UGA4,YDL210W
Q12524,PCD1,YLR151C
Q07824,TPO1,YLL028W
Q12008,PMG2,YDL021W
P25621,FEN2,YCR028C
P38090,AGP2,YBR132C
Q12375,ORT1,YOR130C
P38359,SUL1,YBR294W
Q04489,ASND1,YML096W
P53390,MEP3,YPR138C
P30606,ITR2,YOL103W
P33303,SFC1,YJR095W
P42934,PMT6,YGR199W
Q06451,TPO3,YPR156C
P38774,DOG1,YHR044C
Q99297,ODC2,YOR222W
P38695,HXT5,YHR096C
Q08986,SAM3,YPL274W
Q08409,AUS1,YOR011W
P40897,OPT1,YJL212C
P32600,TOR2,YKL203C
P40074,AVT6,YER119C
P0CF36,YP276,YPL276W
Q08193,GAS5,YOL030W
P13181,GAL2,YLR081W
P32386,YBT1,YLL048C
P06775,HIP1,YGR191W
P39003,HXT6,YDR343C
Q99271,NAH1,YLR138W
P32901,PTR2,YKR093W
P53631,HXT17,YNR072W
P30605,ITR1,YDR497C
P0CF35,FDH2,YPL275W
P38734,MUP3,YHL036W
P25360,PHO87,YCR037C
P40550,PDR11,YIL013C
P39932,STL1,YDR536W
P38921,PET8,YNL003C
P19807,HNM1,YGL077C
P40035,PIC2,YER053C
P47082,AVT1,YJR001W
P40312,CYB5,YNL111C
P43581,HXT10,YFL011W
Q04487,SHH3,YMR118C
P00424,COX5A,YNL052W
P21375,OSM1,YJR051W
P31381,FUN26,YAL022C
P25297,PHO84,YML123C
Q12482,AGC1,YPR021C
P40039,FCY21,YER060W
Q12256,TPO4,YOR273C
P38085,TAT1,YBR069C
P36035,JEN1,YKL217W
P27514,PHO91,YNR013C
P53241,VHT1,YGR065C
Q03655,GAS3,YMR215W
P38967,TAT2,YOL020W
P38156,MAL31,YBR298C
P40260,MEP1,YGR121C
P0CF21,YI168,YIL168W
P50944,AVT4,YNL101W
O42831,YA075,YAR075W
P54862,HXT11,YOL156W
P53206,CYSKL,YGR012W
P34230,PXA2,YKL188C
Q12325,SUL2,YLR092W
P39924,HXT13,YEL069C
P0CE00,MPH3,YJR160C
Q03028,ODC1,YPL134C
P38152,TXTP,YBR291C
P40886,HXT8,YJL214W
P33336,SKN1,YGR143W
P40885,HXT9,YJL219W
P38084,BAP2,YBR068C
P0CD91,AQY1,YPR192W
P40447,NIT1,YIL164C
P38150,YB9Z,YBR284W
P53099,TPN1,YGL186C
P39109,YCFI,YDR135C
P36060,MCR1,YKL150W
P23900,FPS1,YLL043W
P15380,PUT4,YOR348C
P0CF18,YM085,YMR085W
P53322,TNA1,YGR260W
Q04301,VBA1,YMR088C
P53257,TPC1,YGR096W
P38988,GGC1,YDL198C
P39965,SYPM,YER087W
Q08271,GAS4,YOL132W
P38361,PHO89,YBR296C
P25376,AGP1,YCL025C
P35169,TOR1,YJR066W
P41815,BAP3,YDR046C
Q05998,THI7,YLR237W
P25346,GIT1,YCR098C
P0CD99,MPH2,YDL247W
P36062,AVT3,YKL146W
P38127,RIM2,YBR192W
P38773,DOG2,YHR043C
P22146,GAS1,YMR307W
P53283,TPO2,YGR138C
Q06236,SHH4,YLR164W
P17261,ERS1,YCR075C
Q08929,GUP2,YPL189W
Q12326,PMG3,YOL056W
P0CD90,AQY2,YLL052C
Q08485,NRT1,YOR071C
P38299,YB34,YBR184W
P38358,VBA2,YBR293W
P36007,LTHAD,YKL218C
P40361,YJH0,YJL070C
P43548,AGP3,YFL055W
P32775,GLGB,YEL011W
P41930,SSU1,YPL092W
P39535,PHO90,YJL198W
Q04895,DAL4,YIR028W
Q12359,ATO3,YDR384C
Q12289,CRC1,YOR100C
P47185,HXT16,YJR158W
P53744,BIO5,YNR056C
P38626,NCB5R,YIL043C
P04817,CAN1,YEL063C
P32465,HXT1,YHR094C
P23585,HXT2,YMR011W
P53388,DIP5,YPL265W
P32467,HXT4,YHR092C
Q06135,GAS2,YLR343W
Q08579,THI72,YOR192C
P32466,HXT3,YDR345C
P38196,FUI1,YBL042C
P38971,ALP1,YNL270C
P04710,ADT1,YMR056C
P53273,YG35,YGR125W
P23641,MPCP,YJR077C
P39004,HXT7,YDR342C
P15365,DAL5,YJR152W
P17064,FCY2,YER056C
Q06143,DIC1,YLR348C
P18238,ADT3,YBR085W
Q12372,MMP1,YLL061W
P36029,TPO5,YKL174C
P49954,NIT3,YLR351C
P18239,ADT2,YBL030C
P40464,FLX1,YIL134W
P40107,GMT1,YGL225W
P32332,OAC1,YKL120W
P47016,NIT2,YJL126W
P53048,MAL11,YGR289C
P25594,VBA3,YCL069W
P38225,FAT1,YBR041W
P33413,DUR3,YHL016C
P32487,LYP1,YNL268W
Q06497,ANT1,YPR128C
P42833,HXT14,YNL318C
P05316,FUR4,YBR021W
P19145,GAP1,YKR039W
P01097,ATIF,YDL181W
P52892,ALAT,YDR111C
Q12520,HUT1,YPL244C
P37262,SOL2,YCR073W_A
P37299,QCR10,YHR001W_A
P40975,PMP2,YEL017C_A
